TileId,FspId,MinDtf,MaxDtf
1,2334,14.697784,14.998962
1,2335,14.697784,14.998962
1,2643,11.466492,14.999603
2,1,7.6350403,14.998779
2,20,7.955139,14.999359
2,150,11.510956,14.99823
2,349,14.4262085,14.998352
3,1,10.474213,14.998779
3,20,10.794312,14.999756
3,150,14.350128,14.950775
4,2334,12.9566345,14.999084
4,2335,12.9566345,14.999084
4,2643,9.725342,15.0
5,2334,11.440918,14.997894
5,2335,11.440918,14.997894
5,2643,8.209625,14.999817
6,1,0.01,14.999939
6,2,0.01,2.9904175
6,3,0.01,2.611023
6,4,0.01,2.4832153
6,5,0.01,2.3926697
6,6,0.01,14.994995
6,7,0.01,3.3966675
6,8,0.01,2.5774841
6,9,0.01,6.4336853
6,10,0.01,2.466919
6,11,0.01,8.660675
6,12,0.01,2.744995
6,13,0.01,11.273102
6,14,0.01,2.4006348
6,15,0.01,2.4311523
6,16,0.01,2.3154907
6,17,0.01,14.997681
6,18,0.01,5.748535
6,19,0.01,14.999573
6,20,0.01,14.999481
6,21,0.01,3.1030273
6,22,0.01,2.2773132
6,23,0.01,2.8847961
6,24,0.01,3.2185974
6,25,0.01,3.2381287
6,26,0.01,3.195282
6,27,0.01,0.95407104
6,28,0.01,1.8940125
6,29,0.01,3.2997437
6,30,0.01,2.536377
6,31,0.01,1.9341736
6,32,0.01,4.9813843
6,33,0.01,2.90802
6,34,0.01,2.950592
6,35,0.01,3.2649841
6,36,0.01,3.3287659
6,37,0.01,1.9599609
6,38,0.01,2.749939
6,39,0.01,2.9794617
6,40,0.01,2.7466736
6,41,0.01,0.01
6,42,0.01,2.9924316
6,43,0.01,3.6014404
6,44,0.01,3.672058
6,45,0.01,2.1949158
6,46,0.01,3.4129944
6,47,0.01,2.572815
6,48,0.01,3.4808044
6,49,0.01,5.2528687
6,50,0.01,2.9881897
6,51,0.01,5.3518677
6,52,0.01,4.316101
6,53,0.01,4.775757
6,54,0.01,2.4638672
6,55,0.01,4.7210083
6,56,0.01,2.3867798
6,57,0.01,4.888153
6,58,0.01,5.7953796
6,59,0.01,2.826355
6,60,0.01,5.989746
6,61,0.01,5.262268
6,62,0.01,6.62619
6,63,0.01,2.9054565
6,64,0.01,8.720428
6,65,0.01,9.815338
6,66,0.01,10.693451
6,67,0.01,14.749054
6,68,0.01,14.681824
6,69,0.01,10.904358
6,70,0.01,13.388519
6,71,0.01,14.405975
6,72,0.01,10.562378
6,73,0.01,13.13385
6,74,0.01,0.01
6,75,0.01,14.993744
6,76,0.01,9.251373
6,77,0.01,8.29538
6,78,0.01,8.810852
6,79,0.01,14.999664
6,80,0.01,2.6610107
6,81,0.01,7.4792786
6,82,0.01,8.961212
6,83,0.01,6.6404724
6,84,0.01,2.0460815
6,85,0.01,0.01
6,86,0.01,2.9737854
6,87,0.01,7.4128113
6,88,0.01,5.320465
6,89,0.01,5.310974
6,90,0.01,12.65567
6,91,0.01,0.01
6,92,0.01,4.7485046
6,93,0.01,0.31253052
6,94,0.01,2.4718323
6,95,0.01,2.4352417
6,96,0.01,2.392517
6,97,0.01,2.461853
6,98,0.01,0.45217896
6,99,0.01,1.7175598
6,100,0.01,1.5335388
6,101,0.01,2.9892883
6,102,0.01,1.3218689
6,103,0.01,2.5308228
6,104,0.01,2.6430664
6,105,0.01,1.6169128
6,106,0.01,1.7381592
6,107,0.01,1.7261963
6,108,0.01,4.982086
6,109,0.01,1.0970459
6,110,0.01,1.6390686
6,111,0.01,2.965271
6,112,0.01,1.8032227
6,113,0.01,0.5673523
6,114,0.01,1.7823792
6,115,0.01,0.8482361
6,116,0.01,3.9743652
6,117,0.01,1.5433655
6,118,0.01,1.3388367
6,119,0.01,2.710968
6,120,0.01,2.0553894
6,121,0.01,4.9793396
6,122,0.01,2.5321655
6,123,0.01,4.429962
6,124,0.01,1.7270813
6,125,0.01,1.8693237
6,126,0.01,7.8940735
6,127,0.01,3.1534119
6,128,0.01,3.3205261
6,129,0.01,3.6402893
6,130,0.01,3.687378
6,131,0.01,3.6132202
6,132,0.01,3.3124084
6,133,0.01,3.1665955
6,134,0.01,1.7889404
6,135,0.01,3.2373352
6,136,0.01,3.69458
6,137,0.01,3.681427
6,138,0.01,3.818634
6,139,0.01,2.3162842
6,140,0.01,3.3811646
6,141,0.01,2.926422
6,142,0.01,3.5581055
6,143,0.01,4.718231
6,144,0.01,4.2565002
6,145,0.01,4.530731
6,146,0.01,2.9201355
6,147,0.01,4.431183
6,148,0.01,4.5835876
6,149,0.01,14.999237
6,150,0.01,15.0
6,151,0.01,3.3435974
6,152,0.01,4.7582703
6,153,0.01,3.1816406
6,154,0.01,4.56308
6,155,0.01,4.4838867
6,156,0.01,4.3823853
6,157,0.01,4.5478516
6,158,0.01,5.2401733
6,159,0.01,4.125305
6,160,0.01,4.5441895
6,161,0.01,4.52594
6,162,0.01,3.9424133
6,163,0.01,4.6418457
6,164,0.01,4.546417
6,165,0.01,3.9725952
6,166,0.01,3.2977905
6,167,0.01,3.7140808
6,168,0.01,0.8300781
6,169,0.01,1.0503235
6,170,0.01,3.9385986
6,171,0.01,4.3499146
6,172,0.01,4.5241394
6,173,0.01,4.5532837
6,174,0.01,4.6523438
6,175,0.01,1.8862305
6,176,0.01,4.752594
6,177,0.01,7.616791
6,178,0.01,2.1094666
6,179,0.01,1.7348633
6,180,0.01,6.731842
6,181,0.01,5.411499
6,182,0.01,1.843689
6,183,0.01,6.71756
6,184,0.01,3.6658936
6,185,0.01,3.9239807
6,186,0.01,8.778656
6,187,0.01,5.950897
6,188,0.01,0.5263977
6,189,0.01,8.187622
6,190,0.01,2.1306763
6,191,0.01,2.0378113
6,192,0.01,0.8392639
6,193,0.01,14.993866
6,194,0.01,4.2749634
6,195,0.01,4.3110046
6,196,0.01,4.0226746
6,197,0.01,2.1981812
6,198,0.01,4.2041016
6,199,0.01,4.618683
6,200,0.01,3.9647217
6,201,0.01,3.7875366
6,202,0.01,3.984497
6,203,0.01,2.1308289
6,204,0.01,3.9184265
6,205,0.01,5.877228
6,206,0.01,3.5477295
6,207,0.01,3.6265564
6,208,0.01,3.6925354
6,209,0.01,4.2686462
6,210,0.01,3.6725159
6,211,0.01,1.5739746
6,212,0.01,4.148468
6,213,0.01,4.0329895
6,214,0.01,4.3587646
6,215,0.01,4.335907
6,216,0.01,2.542694
6,217,0.01,4.4187317
6,218,0.01,4.229889
6,219,0.01,4.1820374
6,220,0.01,1.7255249
6,221,0.01,3.472351
6,222,0.01,3.3491821
6,223,0.01,3.1070251
6,224,0.01,2.9831848
6,225,0.01,1.5879517
6,226,0.01,3.3907776
6,227,0.01,3.503601
6,228,0.01,3.5314941
6,229,0.01,3.6950684
6,230,0.01,3.7241821
6,231,0.01,3.689392
6,232,0.01,3.4968872
6,233,0.01,3.5831604
6,234,0.01,3.8877869
6,235,0.01,3.955841
6,236,0.01,3.0109863
6,237,0.01,3.8660278
6,238,0.01,2.5414429
6,239,0.01,3.0952454
6,240,0.01,2.623108
6,241,0.01,3.965454
6,242,0.01,2.8550415
6,243,0.01,4.972931
6,244,0.01,4.5215454
6,245,0.01,5.715088
6,246,0.01,14.98822
6,247,0.01,2.8124084
6,248,0.01,7.2764893
6,249,0.01,14.8689575
6,250,0.01,14.977203
6,251,0.01,8.192078
6,252,0.01,10.504272
6,253,0.01,11.569672
6,254,0.01,12.11557
6,255,0.01,2.698578
6,256,0.01,14.87207
6,257,0.01,14.545044
6,258,0.01,14.912567
6,259,0.01,14.535492
6,260,0.01,14.690338
6,261,0.01,14.269867
6,262,0.01,2.766693
6,263,0.01,13.149231
6,264,0.01,14.442535
6,265,0.01,14.619629
6,266,0.01,2.663391
6,267,0.01,7.4236145
6,268,0.01,14.976532
6,269,0.01,13.582642
6,270,0.01,1.7321777
6,271,0.01,2.6457825
6,272,0.01,14.912567
6,273,0.01,14.450256
6,274,0.01,14.9644165
6,275,0.01,0.01
6,276,0.01,0.9677429
6,277,0.01,4.972168
6,278,0.01,4.056183
6,279,0.01,5.8855286
6,280,0.01,7.3972473
6,281,0.01,7.4026794
6,282,0.01,2.790741
6,283,0.01,9.977661
6,284,0.01,13.476715
6,285,0.01,7.9467773
6,286,0.01,13.07132
6,287,0.01,2.882843
6,288,0.01,11.51767
6,289,0.01,1.913971
6,290,0.01,14.279633
6,291,0.01,12.527863
6,292,0.01,10.954498
6,293,0.01,2.5100403
6,294,0.01,14.356964
6,295,0.01,12.17514
6,296,0.01,14.485046
6,297,0.01,3.2982178
6,298,0.01,14.22052
6,299,0.01,4.0379333
6,300,0.01,14.63855
6,301,0.01,4.173065
6,302,0.01,12.7282715
6,303,0.01,14.668213
6,304,0.01,14.725616
6,305,0.01,12.502045
6,306,0.01,3.8860474
6,307,0.01,12.7283325
6,308,0.01,3.6747742
6,309,0.01,14.92157
6,310,0.01,3.9657898
6,311,0.01,4.0900574
6,312,0.01,3.6946716
6,313,0.01,8.474731
6,314,0.01,14.243835
6,315,0.01,14.765137
6,316,0.01,14.320038
6,317,0.01,11.544678
6,318,0.01,3.7312622
6,319,0.01,12.239166
6,320,0.01,13.380524
6,321,0.01,3.3051453
6,322,0.01,9.90802
6,323,0.01,12.66629
6,324,0.01,12.462738
6,325,0.01,12.437958
6,326,0.01,14.045349
6,327,0.01,13.554321
6,328,0.01,14.798035
6,329,0.01,6.153412
6,330,0.01,5.8088684
6,331,0.01,3.8539124
6,332,0.01,14.989929
6,333,0.01,3.512146
6,334,0.01,3.0153809
6,335,0.01,3.1965942
6,336,0.01,3.4384155
6,337,0.01,2.907074
6,338,0.01,3.2675781
6,339,0.01,3.2537537
6,340,0.01,2.7947388
6,341,0.01,0.01
6,342,0.01,2.7138062
6,343,0.01,3.6132812
6,344,0.01,3.3733215
6,345,0.01,14.987946
6,346,0.01,4.9814453
6,347,0.01,1.7518921
6,348,0.01,14.999481
6,349,0.01,14.999908
6,350,0.01,4.2723083
6,351,0.01,4.333679
6,352,0.01,5.158539
6,353,0.01,4.9907227
6,354,0.01,2.853363
6,355,0.01,3.7115784
6,356,0.01,4.512909
6,357,0.01,3.8022156
6,358,0.01,5.62146
6,359,0.01,5.8523254
6,360,0.01,2.6311035
6,361,0.01,5.225647
6,362,0.01,1.9510193
6,363,0.01,3.6249084
6,364,0.01,5.488312
6,365,0.01,5.6096497
6,366,0.01,0.01
6,367,0.01,2.9577332
6,368,0.01,1.6171265
6,369,0.01,6.95459
6,370,0.01,4.9053345
6,371,0.01,6.3008423
6,372,0.01,2.9092407
6,373,0.01,6.820099
6,374,0.01,5.568451
6,375,0.01,2.957428
6,376,0.01,2.8324585
6,377,0.01,1.2516785
6,378,0.01,4.9031677
6,379,0.01,5.83374
6,380,0.01,4.9981384
6,381,0.01,4.770874
6,382,0.01,2.1940613
6,383,0.01,4.3399353
6,384,0.01,4.3081055
6,385,0.01,4.250946
6,386,0.01,4.1354065
6,387,0.01,4.6291504
6,388,0.01,4.8945312
6,389,0.01,3.9290466
6,390,0.01,4.889801
6,391,0.01,3.5397644
6,392,0.01,4.014221
6,393,0.01,14.994568
6,394,0.01,1.7001038
6,395,0.01,2.7039795
6,396,0.01,14.804504
6,397,0.01,14.903839
6,398,0.01,13.510162
6,399,0.01,0.01
6,400,0.01,12.38205
6,401,0.01,13.90271
6,402,0.01,13.020935
6,403,0.01,12.26474
6,404,0.01,13.835175
6,405,0.01,1.1904602
6,406,0.01,8.861694
6,407,0.01,6.1957703
6,408,0.01,14.31781
6,409,0.01,12.079132
6,410,0.01,10.385132
6,411,0.01,14.0433655
6,412,0.01,11.903442
6,413,0.01,9.756348
6,414,0.01,13.36792
6,415,0.01,5.7070923
6,416,0.01,3.994629
6,417,0.01,14.7439575
6,418,0.01,12.9158325
6,419,0.01,4.5509644
6,420,0.01,13.890961
6,421,0.01,11.649963
6,422,0.01,14.529144
6,423,0.01,14.231476
6,424,0.01,11.530548
6,425,0.01,9.260468
6,426,0.01,4.876007
6,427,0.01,14.968933
6,428,0.01,5.0885925
6,429,0.01,4.999115
6,430,0.01,10.252197
6,431,0.01,3.1053772
6,432,0.01,14.874603
6,433,0.01,3.0069885
6,434,0.01,2.938385
6,435,0.01,9.2282715
6,436,0.01,14.785645
6,437,0.01,3.8327332
6,438,0.01,2.9598389
6,439,0.01,0.01
6,440,0.01,2.7936707
6,441,0.01,14.97583
6,442,0.01,2.1319275
6,443,0.01,4.997711
6,444,0.01,14.757446
6,445,0.01,5.9328003
6,446,0.01,2.4919128
6,447,0.01,1.7843018
6,448,0.01,4.7604065
6,449,0.01,9.123657
6,450,0.01,4.743286
6,451,0.01,14.397705
6,452,0.01,4.9489746
6,453,0.01,8.776306
6,454,0.01,4.650696
6,455,0.01,11.548889
6,456,0.01,12.514557
6,457,0.01,4.536377
6,458,0.01,14.0251465
6,459,0.01,14.899384
6,460,0.01,14.976501
6,461,0.01,11.766876
6,462,0.01,13.723206
6,463,0.01,4.662689
6,464,0.01,0.9877014
6,465,0.01,4.355072
6,466,0.01,14.09082
6,467,0.01,3.1651
6,468,0.01,2.7812805
6,469,0.01,2.2753906
6,470,0.01,9.981628
6,471,0.01,3.227478
6,472,0.01,3.0688782
6,473,0.01,2.8553467
6,474,0.01,2.5422058
6,475,0.01,14.535706
6,476,0.01,13.9904785
6,477,0.01,11.944672
6,478,0.01,2.6221619
6,479,0.01,14.906891
6,480,0.01,13.313934
6,481,0.01,14.345917
6,482,0.01,3.7956848
6,483,0.01,3.504547
6,484,0.01,3.5231018
6,485,0.01,13.264313
6,486,0.01,3.6970215
6,487,0.01,0.5708008
6,488,0.01,7.688843
6,489,0.01,3.7374268
6,490,0.01,3.3840027
6,491,0.01,3.5032349
6,492,0.01,3.2693787
6,493,0.01,2.723816
6,494,0.01,1.9093628
6,495,0.01,2.1003723
6,496,0.01,3.4610596
6,497,0.01,14.992981
6,498,0.01,1.4596558
6,499,0.01,3.0050354
6,500,0.01,3.1006165
6,501,0.01,4.891205
6,502,0.01,12.765961
6,503,0.01,0.9781189
6,504,0.01,2.7480469
6,505,0.01,2.568512
6,506,0.01,2.4490662
6,507,0.01,3.4177246
6,508,0.01,3.4499512
6,509,0.01,13.243622
6,510,0.01,3.2451782
6,511,0.01,3.197174
6,512,0.01,3.1521606
6,513,0.01,2.3868103
6,514,3.093628,3.093628
6,517,2.99823,5.209778
6,518,0.01,14.661621
6,533,2.6556396,14.984711
6,534,7.836548,14.522156
6,535,9.979248,14.89798
6,614,4.4444275,14.9999695
6,716,5.590393,14.999298
6,783,7.983307,14.999908
6,904,8.473602,14.999664
6,1043,10.289703,14.999817
7,1,5.525635,14.997559
7,20,5.8457336,14.999023
7,150,9.40155,14.999298
7,349,12.316803,14.996185
8,2334,9.023071,15.0
8,2335,9.023071,15.0
8,2643,5.7917786,14.999878
9,533,12.651703,14.994324
9,674,9.8046875,14.999176
9,715,14.203033,14.990051
9,716,14.203033,14.990051
9,720,9.785858,14.999786
9,831,8.620483,14.998138
9,902,4.7219543,14.99353
9,903,6.9339905,14.983887
9,904,4.7219543,14.99353
9,921,5.9561768,14.996399
9,1042,6.9191284,14.9982605
9,1043,6.5380554,14.991943
9,1180,3.1496887,14.962524
9,1182,4.445221,14.990845
9,1184,4.705078,5.9134827
9,1202,3.4457397,14.997101
9,1205,1.8693848,14.9973755
9,1218,2.387848,2.387848
9,1220,2.3103333,2.9072876
9,1221,4.5061646,4.5061646
9,1222,3.71521,3.71521
9,1223,0.01,2.752777
9,1224,0.01,4.8896484
9,1225,0.01,4.9767456
9,1226,0.01,3.0720825
9,1227,0.01,4.817169
9,1228,0.01,1.7879028
9,1229,0.01,5.698456
9,1230,0.01,5.8155823
9,1231,0.01,3.5105286
9,1232,0.01,1.8460388
9,1233,0.01,11.085754
9,1234,0.01,0.01
9,1235,0.01,4.723114
9,1236,0.01,10.273254
9,1237,0.01,0.01
9,1238,0.01,10.352295
9,1239,0.01,11.32782
9,1240,0.01,4.444641
9,1241,0.01,10.895508
9,1242,0.01,9.911224
9,1243,0.01,2.234497
9,1244,0.01,9.57843
9,1245,0.01,10.308838
9,1246,0.01,3.985443
9,1248,1.075531,14.955109
9,1251,3.5830078,6.1385193
9,1262,1.6216736,14.998718
9,1276,0.37994385,3.0198364
9,1277,0.01,3.2189941
9,1278,0.01,2.7989502
9,1279,0.01,4.305603
9,1280,0.01,4.3666687
9,1281,0.01,4.5060425
9,1282,0.01,4.704193
9,1283,0.01,4.895233
9,1284,0.01,3.6973267
9,1285,0.01,4.7521057
9,1286,0.01,4.331085
9,1287,0.01,4.8673096
9,1288,0.01,6.5328674
9,1289,0.01,7.4653015
9,1290,0.01,4.958496
9,1291,0.01,5.8266296
9,1292,0.01,4.950409
9,1293,0.01,2.9481812
9,1294,0.01,6.612335
9,1295,0.01,7.3146973
9,1296,0.01,7.4794617
9,1297,0.01,7.4396973
9,1298,0.01,7.411682
9,1299,0.01,4.3477173
9,1300,0.01,7.4881897
9,1301,0.01,2.363556
9,1302,0.01,3.9626465
9,1303,0.01,7.5061646
9,1304,0.01,2.1698303
9,1305,0.01,7.492462
9,1306,0.01,6.41687
9,1307,0.01,6.475067
9,1308,0.01,6.502838
9,1309,0.01,5.965637
9,1310,0.01,5.7724915
9,1311,0.01,7.633972
9,1312,0.01,2.9804382
9,1313,0.01,3.0827026
9,1314,0.01,6.0552673
9,1315,0.01,5.8311768
9,1316,0.01,5.2571106
9,1317,0.01,4.855652
9,1318,0.01,4.2966003
9,1319,0.01,7.6292725
9,1320,0.01,4.3789673
9,1321,0.01,4.078125
9,1322,0.01,14.952728
9,1323,0.01,9.565887
9,1324,0.01,3.848999
9,1325,0.01,3.6322937
9,1326,0.01,3.4085083
9,1327,0.01,14.984528
9,1328,0.01,14.994873
9,1329,0.01,3.9413147
9,1330,0.01,6.8022156
9,1331,0.01,5.8117065
9,1332,0.01,6.7985535
9,1333,0.01,6.6265564
9,1334,0.01,7.2134705
9,1335,0.01,3.2963257
9,1336,0.01,7.311432
9,1337,0.01,5.911804
9,1338,0.01,5.460388
9,1339,0.01,3.27182
9,1340,0.01,4.535309
9,1341,0.01,3.2760315
9,1342,0.01,4.151123
9,1343,0.01,4.144409
9,1344,0.01,3.248169
9,1345,0.01,4.227356
9,1346,0.01,6.7837524
9,1347,0.01,1.9088745
9,1348,0.01,3.257141
9,1349,0.01,4.6249084
9,1350,0.01,5.3970947
9,1351,0.01,5.3180237
9,1352,0.01,5.5029297
9,1353,0.01,5.713043
9,1354,0.01,6.20697
9,1355,0.01,4.589569
9,1356,0.01,4.9158325
9,1357,0.01,5.5963745
9,1358,0.01,5.4066772
9,1359,0.01,7.9907227
9,1360,0.01,4.510498
9,1361,0.01,6.996277
9,1362,0.01,4.889862
9,1363,0.01,4.758545
9,1364,0.01,7.2677917
9,1365,0.01,4.582428
9,1366,0.01,4.418213
9,1367,0.01,4.2941284
9,1368,0.01,8.950836
9,1369,0.01,4.2638245
9,1370,0.01,6.842041
9,1371,0.01,4.5922546
9,1372,0.01,4.6819153
9,1373,0.01,5.1107483
9,1374,0.01,5.1777344
9,1375,0.01,4.755371
9,1376,0.01,4.8768616
9,1377,0.01,5.216217
9,1378,0.01,5.403015
9,1379,0.01,5.374115
9,1380,0.01,5.29068
9,1381,0.01,5.2747803
9,1382,0.01,5.948181
9,1383,0.01,5.205139
9,1384,0.01,5.2067566
9,1385,0.01,5.2007446
9,1386,0.01,5.248108
9,1387,0.01,5.381531
9,1388,0.01,3.4094849
9,1389,0.01,5.4720154
9,1390,0.01,5.235626
9,1391,0.01,3.235321
9,1392,0.01,3.1705933
9,1393,0.01,5.7495117
9,1394,0.01,5.585388
9,1395,0.01,3.197815
9,1396,0.01,5.612671
9,1397,0.01,3.6109009
9,1398,0.01,5.6524353
9,1399,0.01,5.646332
9,1400,0.01,5.6670227
9,1401,0.01,6.231781
9,1402,0.01,5.638977
9,1403,0.01,3.9452515
9,1404,0.01,5.725891
9,1405,0.01,6.717224
9,1406,0.01,4.6423035
9,1407,0.01,5.4472046
9,1408,0.01,6.661621
9,1409,0.01,6.9988403
9,1410,0.01,7.6474915
9,1411,0.01,5.4392395
9,1412,0.01,4.857239
9,1413,0.01,8.41098
9,1414,0.01,8.300995
9,1415,0.01,11.683685
9,1416,0.01,13.633362
9,1417,0.01,14.92807
9,1418,0.01,14.973541
9,1419,0.01,13.717987
9,1420,0.01,0.01
9,1421,0.01,4.6345825
9,1422,0.01,7.135315
9,1423,0.01,4.313141
9,1424,0.01,4.835083
9,1425,0.01,14.909637
9,1426,0.01,11.991608
9,1427,0.01,4.743805
9,1428,0.01,12.3315735
9,1429,0.01,12.691162
9,1430,0.01,5.448456
9,1431,0.01,4.125946
9,1432,0.01,3.0223389
9,1433,0.01,5.3313293
9,1434,0.01,12.246613
9,1435,0.01,3.0480652
9,1436,0.01,4.126251
9,1437,0.01,14.94342
9,1438,0.01,7.032135
9,1439,0.01,6.717621
9,1440,0.01,8.34845
9,1441,0.01,10.018402
9,1442,0.01,12.020935
9,1443,0.01,13.818481
9,1444,0.01,5.9837036
9,1445,0.01,14.903687
9,1446,0.01,8.855316
9,1447,0.01,10.437164
9,1448,0.01,12.29895
9,1449,0.01,5.027588
9,1450,0.01,12.677277
9,1451,0.01,13.150757
9,1452,0.01,13.719238
9,1453,0.01,13.967682
9,1454,0.01,14.351654
9,1455,0.01,14.575562
9,1456,0.01,10.485199
9,1457,0.01,11.251648
9,1458,0.01,11.602997
9,1459,0.01,12.500519
9,1460,0.01,13.430481
9,1461,0.01,14.054047
9,1462,0.01,14.866119
9,1463,0.01,10.251282
9,1464,0.01,11.298737
9,1465,0.01,1.677063
9,1466,0.01,12.361389
9,1467,0.01,13.200104
9,1468,0.01,5.526306
9,1469,0.01,14.122559
9,1470,0.01,14.773254
9,1471,0.01,2.085785
9,1472,0.01,2.1602173
9,1473,0.01,13.82074
9,1474,0.01,13.004486
9,1475,0.01,12.562134
9,1476,0.01,7.158783
9,1477,0.01,3.2258606
9,1478,0.01,14.942505
9,1479,0.01,5.317993
9,1480,0.01,5.2445374
9,1481,0.01,14.248169
9,1482,0.01,5.141968
9,1483,0.01,5.1258545
9,1484,0.01,4.773468
9,1485,0.01,5.2096252
9,1486,0.01,13.591248
9,1487,0.01,12.114197
9,1488,0.01,4.680298
9,1489,0.01,13.306671
9,1490,0.01,13.048401
9,1491,0.01,11.055206
9,1492,0.01,13.409821
9,1493,0.01,13.779266
9,1494,0.01,6.5865173
9,1495,0.01,14.3628845
9,1496,0.01,4.3350525
9,1497,0.01,10.649719
9,1498,0.01,3.5945435
9,1539,0.7720642,14.998871
9,1610,2.6445007,10.117706
9,1612,1.0805359,14.999695
9,1917,5.5878296,14.998108
9,2200,9.379272,14.999847
9,2334,8.170166,14.999756
9,2335,8.170166,14.999756
9,2594,12.5867,14.992462
9,2643,4.9388733,15.0
10,1,8.002533,14.999939
10,149,7.9792786,14.999878
10,348,4.8746033,14.999756
10,393,9.995636,14.996063
10,470,4.61557,14.999542
10,514,0.01,3.0042725
10,515,0.01,2.9957275
10,516,0.01,2.341217
10,517,0.01,8.863861
10,518,0.01,2.46167
10,519,0.01,2.7466736
10,520,0.01,2.1802979
10,521,0.01,1.7535095
10,522,0.01,1.9400024
10,523,0.01,1.7372437
10,524,0.01,4.966797
10,525,0.01,1.0806885
10,526,0.01,5.4891357
10,527,0.01,0.87579346
10,528,0.01,1.0986023
10,529,0.01,1.5515442
10,530,0.01,2.048523
10,531,0.01,1.8077393
10,532,0.01,1.8754578
10,533,0.01,14.999176
10,534,0.01,8.168091
10,535,0.01,14.977692
10,536,0.01,1.6496582
10,537,0.01,0.01
10,538,0.01,8.215363
10,539,0.01,0.87145996
10,540,0.01,5.1730957
10,541,0.01,8.310394
10,542,0.01,0.01
10,543,0.01,10.945465
10,544,0.01,10.684235
10,545,0.01,11.478516
10,546,0.01,11.56955
10,547,0.01,9.776794
10,548,0.01,10.979736
10,549,0.01,1.8471375
10,550,0.01,14.592285
10,551,0.01,0.01
10,552,0.01,10.625977
10,553,0.01,0.01
10,554,0.01,14.453033
10,555,0.01,14.973053
10,556,0.01,7.411072
10,557,0.01,13.319641
10,558,0.01,10.082306
10,559,0.01,7.935974
10,560,0.01,14.766083
10,561,0.01,11.918884
10,562,0.01,0.25686646
10,563,0.01,2.6826172
10,564,0.01,14.9646
10,565,0.01,14.547455
10,566,0.01,14.637726
10,567,0.01,14.2846985
10,568,0.01,0.01
10,569,0.01,0.01
10,570,0.01,0.01
10,571,0.01,0.01
10,572,0.01,0.01
10,573,0.01,12.579987
10,574,0.01,3.7733765
10,575,0.01,1.5720825
10,576,0.01,1.4499207
10,577,0.01,14.5824585
10,578,0.01,0.01
10,579,0.01,12.374023
10,580,0.01,2.9093628
10,581,0.01,1.3052673
10,582,0.01,14.4123535
10,583,0.01,1.3210144
10,584,0.01,13.415894
10,585,0.01,14.710358
10,586,0.01,2.0735168
10,587,0.01,13.791931
10,588,0.01,14.55423
10,589,0.01,14.998749
10,590,0.01,1.6801147
10,591,0.01,14.207336
10,592,0.01,13.228302
10,593,0.01,11.7256775
10,594,0.01,0.01
10,595,0.01,14.280212
10,596,0.01,11.796448
10,597,0.01,13.292847
10,598,0.01,0.01
10,599,0.01,14.977478
10,600,0.01,1.6392212
10,601,0.01,7.6565857
10,602,0.01,7.8968506
10,603,0.01,6.926239
10,604,0.01,6.956848
10,605,0.01,6.5321655
10,606,0.01,1.718811
10,607,0.01,14.736694
10,608,0.01,4.8355103
10,609,0.01,5.9296265
10,610,0.01,5.5250244
10,611,0.01,5.2622986
10,612,0.01,14.938019
10,613,0.01,3.865448
10,614,0.01,14.999847
10,615,0.01,2.5838623
10,616,0.01,3.4805908
10,617,0.01,3.0256042
10,618,0.01,5.498108
10,619,0.01,5.15921
10,620,0.01,4.993042
10,621,0.01,3.2532654
10,622,0.01,2.8420105
10,623,0.01,2.9426575
10,624,0.01,3.0525513
10,625,0.01,2.9752502
10,626,0.01,2.7618103
10,627,0.01,14.921509
10,628,0.01,4.7846375
10,629,0.01,2.5426636
10,630,0.01,2.8639526
10,631,0.01,4.9973755
10,632,0.01,2.6709595
10,633,0.01,3.0422363
10,634,0.01,3.1941833
10,635,0.01,4.852722
10,636,0.01,4.8919373
10,637,0.01,14.990509
10,638,0.01,6.1606445
10,639,0.01,3.4789124
10,640,0.01,4.9140625
10,641,0.01,3.0302124
10,642,0.01,3.499115
10,643,0.01,2.823639
10,644,0.01,4.865631
10,645,0.01,4.602936
10,646,0.01,4.611328
10,647,0.01,4.925232
10,648,0.01,4.1689453
10,649,0.01,3.2903442
10,650,0.01,5.3222656
10,651,0.01,14.5401
10,652,0.01,3.916565
10,653,0.01,14.167969
10,654,0.01,11.892975
10,655,0.01,3.809143
10,656,0.01,3.7936096
10,657,0.01,3.651001
10,658,0.01,2.8292236
10,659,0.01,3.8865356
10,660,0.01,3.8684692
10,661,0.01,2.635559
10,662,0.01,3.8945923
10,663,0.01,5.8586426
10,664,0.01,3.3156128
10,665,0.01,4.634033
10,666,0.01,3.5023499
10,667,0.01,3.7531128
10,668,0.01,0.01
10,669,0.01,3.9403076
10,670,0.01,4.848694
10,671,0.01,6.9995728
10,672,0.01,3.7692566
10,673,0.01,3.638092
10,674,0.01,14.997681
10,675,0.01,3.4801636
10,676,0.01,14.516876
10,677,0.01,3.0751953
10,678,0.01,13.126892
10,679,0.01,3.6614075
10,680,0.01,12.827484
10,681,0.01,14.525543
10,682,0.01,0.01
10,683,0.01,14.177002
10,684,0.01,7.7619934
10,685,0.01,14.919037
10,686,0.01,3.6778564
10,687,0.01,12.8923645
10,688,0.01,3.844696
10,689,0.01,14.076263
10,690,0.01,11.550537
10,691,0.01,3.905365
10,692,0.01,14.33902
10,693,0.01,3.727539
10,694,0.01,14.432678
10,695,0.01,3.9264832
10,696,0.01,14.633331
10,697,0.01,12.467834
10,698,0.01,3.833191
10,699,0.01,14.421936
10,700,0.01,11.642334
10,701,0.01,14.682983
10,702,0.01,3.8771362
10,703,0.01,14.207153
10,704,0.01,13.877472
10,705,0.01,3.8040771
10,706,0.01,13.079742
10,707,0.01,14.7491455
10,708,0.01,13.789093
10,709,0.01,3.6174316
10,710,0.01,14.254639
10,711,0.01,13.387543
10,712,0.01,14.774384
10,713,0.01,14.970978
10,714,0.01,3.2879639
10,715,0.01,14.996368
10,716,0.01,14.999329
10,717,0.01,3.3337708
10,718,0.01,3.1524048
10,719,0.01,3.399353
10,720,0.01,14.998322
10,721,0.01,4.5599976
10,722,0.01,4.739258
10,723,0.01,3.687317
10,724,0.01,1.8921204
10,725,0.01,4.9237976
10,726,0.01,3.4988098
10,727,0.01,2.9932556
10,728,0.01,3.8033447
10,729,0.01,3.7959595
10,730,0.01,3.4787903
10,731,0.01,4.9416504
10,732,0.01,5.7601624
10,733,0.01,5.8657837
10,734,0.01,5.9989014
10,735,0.01,4.554901
10,736,0.01,5.061737
10,737,0.01,2.8238525
10,738,0.01,14.980072
10,739,0.01,14.9600525
10,740,0.01,2.5562134
10,741,0.01,1.387085
10,742,0.01,0.6767578
10,743,0.01,6.230652
10,744,0.01,7.82724
10,745,0.01,0.01
10,746,0.01,3.901245
10,747,0.01,2.8524475
10,748,0.01,1.8754272
10,749,0.01,2.8757324
10,750,0.01,3.9911194
10,751,0.01,3.7598267
10,752,0.01,1.9243774
10,753,0.01,3.9590454
10,754,0.01,2.2444763
10,755,0.01,14.794983
10,756,0.01,2.7370605
10,757,0.01,3.5374756
10,758,0.01,3.979309
10,759,0.01,3.9598694
10,760,0.01,4.067871
10,761,0.01,3.420807
10,762,0.01,2.9350586
10,763,0.01,3.9268494
10,764,0.01,2.968811
10,765,0.01,3.0957336
10,766,0.01,3.7683105
10,767,0.01,14.978577
10,768,0.01,2.5447083
10,769,0.01,3.0870972
10,770,0.01,14.997955
10,771,0.01,4.4878235
10,772,0.01,4.4041443
10,773,0.01,4.410309
10,774,0.01,4.5612793
10,775,0.01,4.587982
10,776,0.01,4.6169434
10,777,0.01,4.308563
10,778,0.01,4.4915466
10,779,0.01,3.3667603
10,780,0.01,3.0873718
10,781,0.01,5.885956
10,782,0.01,4.9531555
10,783,0.01,14.999359
10,784,0.01,3.6316833
10,785,0.01,5.02182
10,786,0.01,1.8746948
10,787,0.01,2.9688416
10,788,0.01,4.944763
10,789,0.01,4.428406
10,790,0.01,4.0862427
10,791,0.01,4.8019714
10,792,0.01,4.7552795
10,793,0.01,4.075531
10,794,0.01,4.792206
10,795,0.01,4.0405884
10,796,0.01,4.65213
10,797,0.01,4.4898376
10,798,0.01,4.606659
10,799,0.01,4.0780334
10,800,0.01,3.9421692
10,801,0.01,4.0545654
10,802,0.01,3.573761
10,803,0.01,3.998932
10,804,0.01,3.9977112
10,805,0.01,3.9360962
10,806,0.01,3.8041992
10,807,0.01,3.8058167
10,808,0.01,3.3606262
10,809,0.01,3.104187
10,810,0.01,3.27417
10,811,0.01,4.4194336
10,812,0.01,3.2221375
10,813,0.01,1.6513062
10,814,0.01,3.0216064
10,815,0.01,3.2052917
10,816,0.01,4.5931396
10,817,0.01,4.060272
10,818,0.01,4.118683
10,819,0.01,3.6950684
10,820,0.01,3.528656
10,821,0.01,3.1845093
10,822,0.01,3.9754639
10,823,0.01,3.7963257
10,824,0.01,3.800232
10,825,0.01,3.421814
10,826,0.01,3.7366028
10,827,0.01,3.6150818
10,828,0.01,3.4933777
10,829,0.01,3.631836
10,830,0.01,14.9939575
10,831,0.01,14.999268
10,832,0.01,3.4725037
10,833,0.01,2.921997
10,834,0.01,3.7073975
10,835,0.01,3.3398438
10,836,0.01,3.5100708
10,837,0.01,4.1089783
10,838,0.01,3.861267
10,839,0.01,3.7098694
10,840,0.01,3.736847
10,841,0.01,3.7443237
10,842,0.01,3.8098755
10,843,0.01,3.9536133
10,844,0.01,4.1063538
10,845,0.01,3.894226
10,846,0.01,3.872589
10,847,0.01,3.8422852
10,848,0.01,3.7171936
10,849,0.01,3.7918396
10,850,0.01,3.9014282
10,851,0.01,3.8153381
10,852,0.01,4.0446167
10,853,0.01,3.8378906
10,854,0.01,3.7564392
10,855,0.01,3.6590881
10,856,0.01,3.7305298
10,857,0.01,3.741516
10,858,0.01,3.697937
10,859,0.01,4.3370056
10,860,0.01,3.4246826
10,861,0.01,14.900513
10,862,0.01,4.365082
10,863,0.01,4.5487366
10,864,0.01,6.460327
10,865,0.01,4.904999
10,866,0.01,9.460205
10,867,0.01,3.2451477
10,868,0.01,3.3227234
10,869,0.01,3.1300964
10,870,0.01,3.10141
10,871,0.01,3.0645447
10,872,0.01,3.0110168
10,873,0.01,14.953308
10,874,0.01,7.218689
10,875,0.01,8.436493
10,876,0.01,14.340332
10,877,0.01,3.7348938
10,878,0.01,14.787262
10,879,0.01,10.1987
10,880,0.01,7.0621643
10,881,0.01,5.4634094
10,882,0.01,3.285431
10,883,0.01,14.951965
10,884,0.01,6.6875
10,885,0.01,7.237793
10,886,0.01,3.4291687
10,887,0.01,14.789124
10,888,0.01,3.4381409
10,889,0.01,12.649261
10,890,0.01,14.775879
10,891,0.01,14.971069
10,892,0.01,3.2795105
10,893,0.01,14.067963
10,894,0.01,14.695435
10,895,0.01,12.405792
10,896,0.01,14.320526
10,897,0.01,12.724457
10,898,0.01,14.431
10,899,0.01,12.849243
10,900,0.01,5.140259
10,901,0.01,13.831665
10,902,0.01,14.969788
10,903,0.01,14.970856
10,904,0.01,14.999756
10,905,0.01,8.701691
10,906,0.01,5.0939636
10,907,0.01,14.488495
10,908,0.01,3.174347
10,909,0.01,6.2611084
10,910,0.01,3.2391052
10,911,0.01,13.901245
10,912,0.01,3.0223389
10,913,0.01,14.906158
10,914,0.01,2.9459534
10,915,0.01,1.7966309
10,916,0.01,3.9638977
10,917,0.01,14.994659
10,918,0.01,4.983856
10,919,0.01,3.2980652
10,920,0.01,3.230072
10,921,0.01,14.964447
10,922,0.01,5.905426
10,923,0.01,2.7237244
10,924,0.01,1.5795593
10,925,0.01,2.9741821
10,926,0.01,3.4706116
10,927,0.01,3.1794128
10,928,0.01,3.508484
10,929,0.01,2.9554443
10,930,0.01,2.059082
10,931,0.01,2.9066467
10,932,0.01,2.622406
10,933,0.01,2.0533142
10,934,0.01,3.324646
10,935,0.01,3.3807983
10,936,0.01,3.2651367
10,937,0.01,3.3374329
10,938,0.01,3.171051
10,939,0.01,3.1677551
10,940,0.01,1.4683533
10,941,0.01,3.973999
10,942,0.01,4.6963196
10,943,0.01,3.7229004
10,944,0.01,3.7740479
10,945,0.01,3.892212
10,946,0.01,3.551422
10,947,0.01,3.985962
10,948,0.01,3.600708
10,949,0.01,3.9025574
10,950,0.01,3.4030457
10,951,0.01,3.0447388
10,952,0.01,3.9884338
10,953,0.01,3.9563293
10,954,0.01,3.752777
10,955,0.01,3.9756165
10,956,0.01,3.9942932
10,957,0.01,2.9231567
10,958,0.01,2.3290405
10,959,0.01,3.9875488
10,960,0.01,3.3198547
10,961,0.01,2.3891296
10,962,0.01,2.8468628
10,963,0.01,3.7190552
10,964,0.01,3.7812195
10,965,0.01,3.7146912
10,966,0.01,1.9674072
10,967,0.01,1.402771
10,968,0.01,4.634857
10,969,0.01,4.473419
10,970,0.01,3.1975708
10,971,0.01,3.6592712
10,972,0.01,2.4269104
10,973,0.01,4.045349
10,974,0.01,3.9581604
10,975,0.01,4.2727966
10,976,0.01,3.8005676
10,977,0.01,4.3316956
10,978,0.01,3.664215
10,979,0.01,3.8755188
10,980,0.01,3.2200928
10,981,0.01,3.8988342
10,982,0.01,3.9872131
10,983,0.01,3.7850037
10,984,0.01,3.855194
10,985,0.01,4.705139
10,986,0.01,4.942383
10,987,0.01,3.5939636
10,988,0.01,4.050354
10,989,0.01,3.5952148
10,990,0.01,3.6017761
10,991,0.01,3.607666
10,992,0.01,3.6524048
10,993,0.01,3.5403137
10,994,0.01,0.6790161
10,995,0.01,3.5029907
10,996,0.01,3.5276184
10,997,0.01,3.6583252
10,998,0.01,3.807953
10,999,0.01,3.5809326
10,1000,0.01,3.5185242
10,1001,0.01,3.5092163
10,1002,0.01,3.513733
10,1003,0.01,3.4424438
10,1004,0.01,3.6370544
10,1005,0.01,3.2495117
10,1006,0.01,3.8765259
10,1007,0.01,3.9480286
10,1008,0.01,2.6273804
10,1009,0.01,4.6286926
10,1010,0.01,2.9701538
10,1011,0.01,3.9968262
10,1012,0.01,4.604065
10,1013,0.01,2.4790344
10,1014,0.01,3.9386292
10,1015,0.01,4.246521
10,1016,0.01,0.01
10,1017,0.01,2.7493896
10,1018,0.01,3.879425
10,1019,0.01,3.978485
10,1020,0.01,3.9499817
10,1021,0.01,3.8211365
10,1022,0.01,3.9014282
10,1023,0.01,4.968994
10,1024,0.01,3.5019531
10,1025,0.01,3.9414673
10,1026,0.01,2.960205
10,1027,0.01,3.7112732
10,1028,0.01,3.937622
10,1029,0.01,3.9006348
10,1030,0.01,3.4707336
10,1031,0.01,3.97818
10,1032,0.01,3.9449158
10,1033,0.01,3.518402
10,1034,0.01,4.149109
10,1035,0.01,3.9113464
10,1036,0.01,4.0939026
10,1037,0.01,2.942047
10,1038,0.01,3.184143
10,1039,0.01,3.0300903
10,1040,0.01,2.949646
10,1041,0.01,3.0331726
10,1042,0.01,14.992432
10,1043,0.01,14.999847
10,1044,0.01,2.8989868
10,1045,0.01,2.8269348
10,1046,0.01,2.7925415
10,1047,0.01,2.7469788
10,1048,0.01,4.4302673
10,1049,0.01,2.6962585
10,1050,0.01,2.8904114
10,1051,0.01,14.995361
10,1052,0.01,3.1362
10,1053,0.01,4.861725
10,1054,0.01,3.0234985
10,1055,0.01,3.2165527
10,1056,0.01,2.9332275
10,1057,0.01,2.8558044
10,1058,0.01,2.6297913
10,1059,0.01,14.961914
10,1060,0.01,2.6247253
10,1061,0.01,3.3849182
10,1062,0.01,2.9368286
10,1063,0.01,8.2621765
10,1064,0.01,2.9813538
10,1065,0.01,14.963043
10,1066,0.01,9.737518
10,1067,0.01,6.1354675
10,1068,0.01,2.9942932
10,1069,0.01,7.3539124
10,1070,0.01,9.559784
10,1071,0.01,5.4931335
10,1072,0.01,6.3809204
10,1073,0.01,6.1943665
10,1074,0.01,8.349335
10,1075,0.01,6.3681335
10,1076,0.01,3.8558655
10,1077,0.01,5.1083374
10,1078,0.01,6.1387634
10,1079,0.01,5.6473694
10,1080,0.01,14.994019
10,1081,0.01,4.5897827
10,1082,0.01,2.4960327
10,1083,0.01,2.519165
10,1084,0.01,4.4559937
10,1085,0.01,2.194336
10,1086,0.01,2.3648376
10,1087,0.01,4.979553
10,1088,0.01,3.5647278
10,1089,0.01,3.4412537
10,1090,0.01,3.3883362
10,1091,0.01,2.590973
10,1092,0.01,3.2761536
10,1093,0.01,11.972412
10,1094,0.01,2.6906128
10,1095,0.01,1.4042358
10,1096,0.01,2.8012695
10,1097,0.01,2.7262268
10,1098,0.01,2.9526367
10,1099,0.01,2.8210144
10,1100,0.01,2.7516174
10,1101,0.01,2.6788635
10,1102,0.01,2.9170837
10,1103,0.01,3.029663
10,1104,0.01,0.01
10,1105,0.01,2.7815552
10,1106,0.01,1.2927246
10,1107,0.01,3.7332458
10,1108,0.01,0.01
10,1109,0.01,2.7486877
10,1110,0.01,1.4126892
10,1111,0.01,2.8599548
10,1112,0.01,2.9499512
10,1113,0.01,1.8448792
10,1114,0.01,2.2245789
10,1115,0.01,3.4823914
10,1116,0.01,3.4743347
10,1117,0.01,3.7924805
10,1118,0.01,3.3816528
10,1119,0.01,3.6963806
10,1120,0.01,3.2266235
10,1121,0.01,2.1305542
10,1122,0.01,3.9562683
10,1123,0.01,3.8798523
10,1124,0.01,0.4513855
10,1125,0.01,3.3960571
10,1126,0.01,3.240387
10,1127,0.01,1.5106812
10,1128,0.01,3.225586
10,1129,0.01,3.3918762
10,1130,0.01,2.8033752
10,1131,0.01,3.1836243
10,1132,0.01,4.6946106
10,1133,0.01,3.4151917
10,1134,0.01,3.854004
10,1135,0.01,5.9148254
10,1136,0.01,3.941162
10,1137,0.01,3.672699
10,1138,0.01,2.161316
10,1139,0.01,3.9204102
10,1140,0.01,4.089386
10,1141,0.01,4.606079
10,1142,0.01,5.244629
10,1143,0.01,5.794037
10,1144,0.01,6.417206
10,1145,0.01,4.795532
10,1146,0.01,6.8785095
10,1147,0.01,6.990509
10,1148,0.01,6.6876526
10,1149,0.01,1.8935852
10,1150,0.01,6.441284
10,1151,0.01,5.802246
10,1152,0.01,1.3843994
10,1153,0.01,5.4065247
10,1154,0.01,4.6638184
10,1155,0.01,4.0546265
10,1156,0.01,1.8512268
10,1157,0.01,2.753601
10,1158,0.01,2.901947
10,1159,0.01,7.5057983
10,1160,0.01,2.2774048
10,1161,0.01,1.8664551
10,1162,0.01,1.4103394
10,1163,0.01,2.8970947
10,1164,0.01,2.5413818
10,1165,0.01,2.1455688
10,1166,0.01,2.7160034
10,1167,0.01,4.1290283
10,1168,0.01,4.139435
10,1169,0.01,3.6003723
10,1170,0.01,4.3007507
10,1171,0.01,3.5776978
10,1172,0.01,3.27005
10,1173,0.01,3.1428833
10,1174,0.01,3.9329834
10,1175,0.01,2.4208984
10,1176,0.01,4.0467834
10,1177,0.01,2.8673706
10,1178,0.01,1.1989746
10,1179,0.01,1.3212891
10,1180,0.01,7.767456
10,1181,0.01,4.693695
10,1182,0.01,5.0956116
10,1183,0.01,4.899658
10,1184,0.01,5.1094666
10,1185,0.01,3.9553833
10,1186,0.01,2.5882874
10,1187,0.01,3.7712097
10,1188,0.01,2.6595154
10,1189,0.01,3.5127563
10,1190,0.01,2.442047
10,1191,0.01,3.1186829
10,1192,0.01,2.4134521
10,1193,0.01,2.4551697
10,1194,0.01,2.822815
10,1195,0.01,2.807373
10,1196,0.01,2.8091736
10,1197,0.01,1.7807007
10,1198,0.01,4.827057
10,1199,0.01,4.154114
10,1200,0.01,4.279022
10,1201,0.01,4.2676086
10,1202,0.01,4.393921
10,1203,0.01,4.4302063
10,1204,0.01,4.5770874
10,1205,0.01,4.4404297
10,1206,0.01,4.37854
10,1207,0.01,2.9978638
10,1208,0.01,2.6135864
10,1209,0.01,4.8721313
10,1210,0.01,4.144928
10,1211,0.01,4.6766357
10,1212,0.01,4.8427734
10,1213,0.01,3.4511108
10,1214,0.01,4.7434998
10,1215,0.01,2.3867798
10,1216,0.01,2.3398132
10,1217,0.01,4.9732056
10,1218,0.01,4.848999
10,1219,0.01,4.9485474
10,1220,0.01,4.533081
10,1221,0.01,6.282654
10,1222,0.01,4.5444336
10,1224,4.5012817,4.5012817
10,1238,4.8260803,4.9102173
10,1240,4.563324,4.9289856
10,1242,4.5827637,5.313446
10,1243,4.1753845,5.311737
10,1244,3.6099854,5.7162476
10,1246,0.39569092,5.919647
10,1247,0.01,3.9569092
10,1248,0.01,0.6156616
10,1249,0.01,5.808716
10,1250,0.01,4.9852905
10,1251,0.01,3.9959717
10,1252,0.01,7.944153
10,1253,0.01,6.2998047
10,1254,0.01,3.4443054
10,1255,0.01,6.425659
10,1256,0.01,3.0536804
10,1257,0.01,6.5487366
10,1258,0.01,2.4053345
10,1259,0.01,2.9396057
10,1260,0.01,3.6724243
10,1261,0.01,3.1520996
10,1262,0.01,14.967865
10,1263,0.01,2.1098938
10,1264,0.01,2.993988
10,1265,0.01,2.959961
10,1266,0.01,1.9090881
10,1267,0.01,3.0812378
10,1268,0.01,2.8200989
10,1269,0.01,1.7242126
10,1270,0.01,2.012085
10,1271,0.01,14.862305
10,1272,0.01,2.9709778
10,1273,0.01,6.479248
10,1274,0.01,6.359192
10,1275,0.01,2.9560242
10,1276,0.01,2.9398499
10,1277,0.01,6.583435
10,1279,4.398712,5.711975
10,1280,4.563904,5.999359
10,1281,4.8837585,4.8837585
10,1282,4.940399,5.2644043
10,1283,5.0380554,5.0380554
10,1287,4.8461,5.8051147
10,1303,4.266083,14.9878235
10,1322,6.16803,14.983154
10,1328,0.53097534,14.9991455
10,1359,5.7428284,14.995209
10,1539,3.154358,14.999695
10,1610,7.6736755,14.997894
10,1612,3.4628296,14.9999695
10,1917,7.9701233,14.999847
10,2200,11.761566,14.996246
10,2335,13.0989685,14.962616
10,2594,14.968994,14.968994
11,2192,13.681061,14.9999695
11,2334,5.228821,14.999786
11,2335,5.228821,14.999786
11,2594,7.294342,14.994446
11,2643,1.907135,14.999878
12,674,13.182983,14.999207
12,720,13.179169,14.999054
12,831,12.192596,14.999481
12,1042,10.147827,14.999115
12,1322,5.8384705,14.996918
12,1359,7.862976,14.999512
12,1368,4.1588745,11.0336
12,1493,4.1188354,6.9314575
12,1495,5.9818115,14.938965
12,1496,3.8831787,4.4139404
12,1499,0.01,4.301361
12,1500,0.01,14.114349
12,1501,0.01,9.560059
12,1502,0.01,4.628296
12,1503,0.01,5.5849304
12,1504,0.01,13.623444
12,1505,0.01,7.588867
12,1506,0.01,13.230438
12,1507,0.01,9.325836
12,1508,0.01,13.237976
12,1509,0.01,14.983887
12,1510,0.01,5.675476
12,1511,0.01,13.986542
12,1512,0.01,5.811371
12,1513,0.01,6.3908386
12,1514,0.01,13.832397
12,1515,0.01,7.928528
12,1516,0.01,5.302307
12,1517,0.01,5.798584
12,1518,0.01,4.5192566
12,1519,0.01,14.627136
12,1520,0.01,4.5321045
12,1521,0.01,4.718811
12,1522,0.01,14.001099
12,1523,0.01,4.5570374
12,1524,0.01,13.09436
12,1525,0.01,9.779175
12,1526,0.01,8.668304
12,1527,0.01,7.271057
12,1528,0.01,13.9071045
12,1529,0.01,0.01
12,1530,0.01,2.8292236
12,1531,0.01,14.90741
12,1532,0.01,3.3597107
12,1533,0.01,4.4795227
12,1534,0.01,3.7259827
12,1535,0.01,3.9456177
12,1536,0.01,4.9750366
12,1537,0.01,4.986206
12,1538,0.01,14.995941
12,1539,0.01,14.996735
12,1540,0.01,4.63678
12,1541,0.01,6.8923035
12,1542,0.01,4.76062
12,1543,0.01,4.7954407
12,1544,0.01,4.7237854
12,1545,0.01,4.537079
12,1546,0.01,4.498932
12,1547,0.01,4.501587
12,1548,0.01,4.494232
12,1549,0.01,4.45755
12,1550,0.01,3.8946838
12,1551,0.01,4.5259094
12,1552,0.01,4.4198914
12,1553,0.01,0.01
12,1554,0.01,1.6713257
12,1555,0.01,3.3676147
12,1556,0.01,3.9915771
12,1557,0.01,1.1850281
12,1558,0.01,2.8892822
12,1559,0.01,3.9799194
12,1560,0.01,1.714325
12,1561,0.01,4.1585083
12,1562,0.01,14.941284
12,1563,0.01,3.9619446
12,1564,0.01,3.634613
12,1565,0.01,4.6916504
12,1566,0.01,2.2696838
12,1567,0.01,6.4162903
12,1568,0.01,6.9291077
12,1569,0.01,6.3607483
12,1570,0.01,5.460663
12,1571,0.01,5.07251
12,1572,0.01,4.6082764
12,1573,0.01,4.267914
12,1574,0.01,4.2091675
12,1575,0.01,3.4196777
12,1576,0.01,14.998199
12,1577,0.01,4.0279236
12,1578,0.01,4.338562
12,1579,0.01,4.3110657
12,1580,0.01,4.3638306
12,1581,0.01,4.5128784
12,1582,0.01,4.391815
12,1583,0.01,4.409546
12,1584,0.01,4.967926
12,1585,0.01,2.9134827
12,1586,0.01,3.8858643
12,1587,0.01,4.8647156
12,1588,0.01,4.6345825
12,1589,0.01,4.4145203
12,1590,0.01,4.206238
12,1591,0.01,3.7740173
12,1592,0.01,3.4808655
12,1593,0.01,3.9485168
12,1594,0.01,3.7559814
12,1595,0.01,3.6018982
12,1596,0.01,3.8256226
12,1597,0.01,3.8657837
12,1598,0.01,2.5071106
12,1599,0.01,0.01
12,1600,0.01,3.0048828
12,1601,0.01,4.2164307
12,1602,0.01,4.38916
12,1603,0.01,3.201294
12,1604,0.01,4.4750366
12,1605,0.01,4.3452454
12,1606,0.01,4.077301
12,1607,0.01,3.5524902
12,1608,0.01,4.340393
12,1609,0.01,4.2604675
12,1610,0.01,14.999939
12,1611,0.01,9.829346
12,1612,0.01,14.9904785
12,1613,0.01,4.0614624
12,1614,0.01,3.4583435
12,1615,0.01,3.980774
12,1616,0.01,4.017975
12,1617,0.01,4.243927
12,1618,0.01,5.0727234
12,1619,0.01,5.0609436
12,1620,0.01,4.2516785
12,1621,0.01,4.135681
12,1622,0.01,4.0882874
12,1623,0.01,6.5753174
12,1624,0.01,3.8404846
12,1625,0.01,4.37735
12,1626,0.01,1.5067139
12,1627,0.01,1.6484985
12,1628,0.01,4.994995
12,1629,0.01,4.5934753
12,1630,0.01,4.277008
12,1631,0.01,5.586426
12,1632,0.01,3.9496765
12,1633,0.01,4.605652
12,1634,0.01,4.61203
12,1635,0.01,3.9473572
12,1636,0.01,4.511566
12,1637,0.01,4.507843
12,1638,0.01,4.6760254
12,1639,0.01,4.8583374
12,1640,0.01,2.8244019
12,1641,0.01,2.9528809
12,1642,0.01,4.262787
12,1643,0.01,5.5135803
12,1644,0.01,7.427307
12,1645,0.01,4.7117615
12,1646,0.01,6.674988
12,1647,0.01,6.70105
12,1648,0.01,6.874756
12,1649,0.01,6.960541
12,1650,0.01,4.6743774
12,1651,0.01,4.898926
12,1652,0.01,7.7025757
12,1653,0.01,4.8745728
12,1654,0.01,7.8743286
12,1655,0.01,6.4128113
12,1656,0.01,8.442108
12,1657,0.01,8.753662
12,1658,0.01,8.99295
12,1659,0.01,8.773621
12,1660,0.01,6.4218445
12,1661,0.01,3.5177307
12,1662,0.01,8.976929
12,1663,0.01,3.6581116
12,1664,0.01,4.9567566
12,1665,0.01,3.8710022
12,1666,0.01,8.7276
12,1667,0.01,1.8885193
12,1668,0.01,6.2430725
12,1669,0.01,9.696136
12,1670,0.01,2.4494019
12,1671,0.01,3.6037598
12,1672,0.01,9.359772
12,1673,0.01,9.891876
12,1674,0.01,4.6872864
12,1675,0.01,9.533203
12,1676,0.01,4.9315186
12,1677,0.01,8.825836
12,1678,0.01,8.488983
12,1679,0.01,3.483673
12,1680,0.01,8.47583
12,1681,0.01,8.324036
12,1682,0.01,8.626038
12,1683,0.01,3.498169
12,1684,0.01,8.504547
12,1685,0.01,8.456177
12,1686,0.01,7.7579346
12,1687,0.01,7.083252
12,1688,0.01,7.569763
12,1689,0.01,7.0517883
12,1690,0.01,6.9716797
12,1691,0.01,6.6091003
12,1692,0.01,4.9999084
12,1693,0.01,6.2811584
12,1694,0.01,6.4455566
12,1695,0.01,6.5486145
12,1696,0.01,6.3979797
12,1697,0.01,3.5942993
12,1698,0.01,6.435669
12,1699,0.01,6.26474
12,1700,0.01,6.2207336
12,1701,0.01,3.6579285
12,1702,0.01,1.6600342
12,1703,0.01,6.194397
12,1704,0.01,5.7583923
12,1705,0.01,4.565613
12,1706,0.01,4.6529236
12,1707,0.01,9.070221
12,1708,0.01,4.354828
12,1709,0.01,3.4852295
12,1710,0.01,4.921356
12,1711,0.01,3.8083801
12,1712,0.01,4.7819214
12,1713,0.01,4.5540466
12,1714,0.01,3.9638672
12,1715,0.01,4.9060974
12,1716,0.01,3.9244385
12,1717,0.01,3.6288757
12,1718,0.01,3.8098755
12,1719,0.01,4.9147034
12,1720,0.01,3.6183167
12,1721,0.01,4.435913
12,1722,0.01,5.516815
12,1723,0.01,2.8278503
12,1724,0.01,5.9253845
12,1725,0.01,5.862213
12,1726,0.01,5.9114075
12,1727,0.01,3.6080933
12,1728,0.01,5.8163757
12,1729,0.01,3.585266
12,1730,0.01,5.6645203
12,1731,0.01,14.958435
12,1732,0.01,4.846283
12,1733,0.01,4.1574097
12,1734,0.01,6.040039
12,1735,0.01,6.239258
12,1736,0.01,6.3812256
12,1737,0.01,6.4783936
12,1738,0.01,6.470886
12,1739,0.01,6.4619446
12,1740,0.01,6.3780823
12,1741,0.01,6.413391
12,1742,0.01,6.3051147
12,1743,0.01,6.1521606
12,1744,0.01,4.3121643
12,1745,0.01,6.4067993
12,1746,0.01,5.2697144
12,1747,0.01,5.95224
12,1748,0.01,2.139679
12,1749,0.01,2.371399
12,1750,0.01,0.01
12,1751,0.01,4.9645996
12,1752,0.01,4.2179565
12,1753,0.01,2.483551
12,1754,0.01,2.6014404
12,1755,0.01,4.736908
12,1756,0.01,4.90036
12,1757,0.01,4.9662476
12,1758,0.01,3.252472
12,1759,0.01,4.823639
12,1760,0.01,4.874176
12,1761,0.01,5.545868
12,1762,0.01,5.681549
12,1763,0.01,5.234558
12,1764,0.01,5.285614
12,1765,0.01,6.2427673
12,1766,0.01,2.7526245
12,1767,0.01,6.348236
12,1768,0.01,7.2201843
12,1769,0.01,6.124695
12,1770,0.01,7.067444
12,1771,0.01,6.244629
12,1772,0.01,4.3891296
12,1773,0.01,8.486481
12,1774,0.01,3.3568115
12,1775,0.01,3.5066223
12,1776,0.01,8.643982
12,1777,0.01,2.7561035
12,1778,0.01,2.971161
12,1779,0.01,5.677765
12,1780,0.01,5.670868
12,1781,0.01,5.5674133
12,1782,0.01,6.349243
12,1783,0.01,2.9614258
12,1784,0.01,0.01
12,1785,0.01,2.4802551
12,1786,0.01,2.8946228
12,1787,0.01,2.851532
12,1788,0.01,4.1905518
12,1789,0.01,2.9539795
12,1790,0.01,4.0459595
12,1791,0.01,3.6612854
12,1792,0.01,3.2053223
12,1793,0.01,2.2463074
12,1794,0.01,1.9300232
12,1795,0.01,4.0308533
12,1796,0.01,5.017639
12,1797,0.01,2.8877258
12,1798,0.01,5.335205
12,1799,0.01,2.7609863
12,1800,0.01,4.6662292
12,1801,0.01,3.059143
12,1802,0.01,5.9172974
12,1803,0.01,5.468231
12,1804,0.01,5.4836426
12,1805,0.01,4.9494934
12,1806,0.01,5.749359
12,1807,0.01,5.3161926
12,1808,0.01,5.6346436
12,1809,0.01,4.702942
12,1810,0.01,5.2940063
12,1811,0.01,4.9429626
12,1812,0.01,5.5497437
12,1813,0.01,3.739685
12,1814,0.01,4.9928894
12,1815,0.01,4.9322205
12,1816,0.01,2.9996338
12,1817,0.01,3.2489624
12,1818,0.01,4.269806
12,1819,0.01,5.953583
12,1820,0.01,5.095154
12,1821,0.01,4.87973
12,1822,0.01,4.749756
12,1823,0.01,4.8165283
12,1824,0.01,3.2263489
12,1825,0.01,4.6162415
12,1826,0.01,4.800232
12,1827,0.01,3.3726501
12,1828,0.01,3.6299438
12,1829,0.01,3.7485046
12,1830,0.01,1.7441101
12,1831,0.01,14.972961
12,1832,0.01,6.241272
12,1833,0.01,3.4973755
12,1834,0.01,3.5379333
12,1835,0.01,3.5540771
12,1836,0.01,3.8157349
12,1837,0.01,3.1812134
12,1838,0.01,3.4533997
12,1839,0.01,3.096344
12,1840,0.01,2.9616394
12,1841,0.01,3.2817688
12,1842,0.01,3.0734253
12,1843,0.01,14.9505005
12,1844,0.01,12.738068
12,1845,0.01,10.522247
12,1846,0.01,14.313507
12,1847,0.01,14.809479
12,1848,0.01,3.1079102
12,1849,0.01,14.529114
12,1850,0.01,14.430054
12,1851,0.01,4.6427917
12,1852,0.01,2.4987488
12,1853,0.01,4.2991333
12,1854,0.01,3.3675842
12,1855,0.01,7.420227
12,1856,0.01,2.9751282
12,1857,0.01,6.4002075
12,1858,0.01,2.892395
12,1859,0.01,2.8397827
12,1860,0.01,12.561005
12,1861,0.01,6.028351
12,1862,0.01,12.628296
12,1863,0.01,14.004395
12,1864,0.01,12.803162
12,1865,0.01,12.889923
12,1866,0.01,10.191406
12,1867,0.01,2.4231262
12,1868,0.01,5.4451904
12,1869,0.01,7.0551147
12,1870,0.01,14.910522
12,1871,0.01,12.672302
12,1872,0.01,13.418823
12,1873,0.01,10.60083
12,1874,0.01,12.891998
12,1875,0.01,14.9183655
12,1876,0.01,13.27301
12,1877,0.01,2.5429382
12,1878,0.01,14.572845
12,1879,0.01,6.292938
12,1880,0.01,6.4455566
12,1881,0.01,5.876587
12,1882,0.01,5.427948
12,1883,0.01,7.0140686
12,1884,0.01,7.390747
12,1885,0.01,14.763123
12,1886,0.01,14.948456
12,1887,0.01,14.312347
12,1888,0.01,3.7039795
12,1889,0.01,3.4777527
12,1890,0.01,10.844299
12,1891,0.01,2.3865051
12,1892,0.01,14.904572
12,1893,0.01,14.999695
12,1894,0.01,5.307495
12,1895,0.01,4.895172
12,1896,0.01,2.5167542
12,1897,0.01,3.5284424
12,1898,0.01,3.02771
12,1899,0.01,7.6881104
12,1900,0.01,12.987244
12,1901,0.01,6.1902466
12,1902,0.01,14.785767
12,1903,0.01,1.5375366
12,1904,0.01,2.329773
12,1905,0.01,2.9502258
12,1906,0.01,4.263672
12,1907,0.01,4.208496
12,1908,0.01,2.9485474
12,1909,0.01,3.945984
12,1910,0.01,3.8623657
12,1911,0.01,3.4865112
12,1912,0.01,2.9588928
12,1913,0.01,10.7083435
12,1914,0.01,5.59198
12,1915,0.01,2.2419739
12,1916,0.01,14.972412
12,1917,0.01,14.999573
12,1918,0.01,3.8859558
12,1919,0.01,6.290863
12,1920,0.01,6.093231
12,1921,0.01,6.52594
12,1922,0.01,6.2822876
12,1923,0.01,3.404358
12,1924,0.01,3.6081848
12,1925,0.01,7.314209
12,1926,0.01,2.438385
12,1927,0.01,5.3809204
12,1928,0.01,4.338867
12,1929,0.01,5.83786
12,1930,0.01,1.3650513
12,1931,0.01,2.286499
12,1932,0.01,6.614441
12,1933,0.01,6.595459
12,1934,0.01,6.9869995
12,1935,0.01,5.0459595
12,1936,0.01,6.240753
12,1937,0.01,6.246338
12,1938,0.01,4.997101
12,1939,0.01,6.615692
12,1940,0.01,5.372711
12,1941,0.01,7.521698
12,1942,0.01,3.902954
12,1943,0.01,14.953583
12,1944,0.01,3.136383
12,1945,0.01,4.1808167
12,1946,0.01,4.871155
12,1947,0.01,0.01
12,1948,0.01,2.6975403
12,1949,0.01,11.591217
12,1950,0.01,10.209564
12,1951,0.01,10.515839
12,1952,0.01,12.444885
12,1953,0.01,2.8275757
12,1954,0.01,14.437195
12,1955,0.01,14.390137
12,1956,0.01,14.659943
12,1957,0.01,11.610809
12,1958,0.01,10.974823
12,1959,0.01,10.639496
12,1960,0.01,2.5905151
12,1961,0.01,10.2595215
12,1962,0.01,2.597992
12,1963,0.01,8.889709
12,1964,0.01,2.9773865
12,1965,0.01,8.769501
12,1966,0.01,2.8639832
12,1967,0.01,14.913147
12,1968,0.01,2.9295654
12,1969,0.01,7.7170105
12,1970,0.01,5.799164
12,1971,0.01,4.86499
12,1972,0.01,4.568939
12,1973,0.01,2.8397522
12,1974,0.01,2.2576904
12,1975,0.01,4.3484497
12,1976,0.01,3.8969116
12,1977,0.01,2.4722595
12,1978,0.01,7.551941
12,1979,0.01,1.3562317
12,1980,0.01,1.7249146
12,1981,0.01,4.538849
12,1982,0.01,2.0602722
12,1983,0.01,7.588379
12,1984,0.01,2.2175598
12,1985,0.01,0.7966614
12,1986,0.01,5.2424927
12,1987,0.01,4.9038696
12,1988,0.01,14.756409
12,1989,0.01,4.1885986
12,1990,0.01,14.536957
12,1991,0.01,3.419098
12,1992,0.01,13.760895
12,1993,0.01,4.051178
12,1994,0.01,14.982605
12,1995,0.01,1.4566956
12,1996,0.01,4.895996
12,1997,0.01,2.094696
12,1998,0.01,3.4129944
12,1999,0.01,1.774231
12,2000,0.01,1.2961731
12,2001,0.01,1.8249512
12,2002,0.01,1.908783
12,2003,0.01,13.547516
12,2004,0.01,1.7333679
12,2005,0.01,1.6916809
12,2006,0.01,5.5221252
12,2007,0.01,0.57336426
12,2008,0.01,0.01
12,2009,0.01,2.398285
12,2010,0.01,2.0810547
12,2011,0.01,1.5971985
12,2012,0.01,5.8779907
12,2013,0.01,5.7714844
12,2014,0.01,0.9239807
12,2015,0.01,1.8304138
12,2016,0.01,6.414093
12,2017,0.01,6.194336
12,2018,0.01,2.278656
12,2019,0.01,6.193939
12,2020,0.01,0.44692993
12,2021,0.01,6.2082214
12,2022,0.01,0.01
12,2023,0.01,0.01
12,2024,0.01,6.094574
12,2025,0.01,1.8588562
12,2026,0.01,3.4651794
12,2027,0.01,3.5630188
12,2028,0.01,2.2077332
12,2029,0.01,2.0107727
12,2030,0.01,14.992462
12,2031,0.01,14.949951
12,2032,0.01,14.999939
12,2033,0.01,0.01
12,2034,0.01,0.97720337
12,2035,0.01,2.9272766
12,2036,0.01,0.948761
12,2037,0.01,1.6514587
12,2038,0.01,2.854889
12,2039,0.01,0.87390137
12,2040,0.01,2.9502563
12,2041,0.01,2.9611511
12,2042,0.01,2.8096313
12,2043,0.01,2.622406
12,2044,0.01,4.832184
12,2045,0.01,4.8336487
12,2046,0.01,4.852234
12,2047,0.01,4.882904
12,2048,0.01,4.9134216
12,2049,0.01,5.02771
12,2050,0.01,5.055084
12,2051,0.01,5.3499756
12,2052,0.01,2.8680115
12,2053,0.01,5.2293396
12,2054,0.01,5.7986755
12,2055,0.01,1.3008728
12,2056,0.01,2.9951172
12,2057,0.01,14.998474
12,2058,0.01,8.457092
12,2059,0.01,12.155273
12,2060,0.01,13.414032
12,2061,0.01,13.008484
12,2062,0.01,5.4888916
12,2063,0.01,13.768616
12,2064,0.01,10.5513
12,2065,0.01,14.081726
12,2066,0.01,0.01
12,2067,0.01,3.7407532
12,2068,0.01,13.208313
12,2069,0.01,4.5521545
12,2070,0.01,14.168854
12,2071,0.01,9.967682
12,2072,0.01,7.2204895
12,2073,0.01,14.592041
12,2074,0.01,8.296204
12,2075,0.01,11.543884
12,2076,0.01,4.933716
12,2077,0.01,14.839233
12,2078,0.01,4.600342
12,2079,0.01,10.347839
12,2080,0.01,14.759613
12,2081,0.01,13.057495
12,2082,0.01,12.65094
12,2083,0.01,2.7870483
12,2084,0.01,4.5223083
12,2085,0.01,3.7970276
12,2086,0.01,11.725067
12,2087,0.01,14.828491
12,2088,0.01,13.812714
12,2089,0.01,11.131592
12,2090,0.01,10.934509
12,2091,0.01,10.922607
12,2092,0.01,11.81543
12,2093,0.01,12.2543335
12,2094,0.01,12.199921
12,2095,0.01,12.26355
12,2096,0.01,11.999817
12,2097,0.01,12.059723
12,2098,0.01,12.885437
12,2099,0.01,13.029816
12,2100,0.01,12.815247
12,2101,0.01,12.444977
12,2102,0.01,11.913849
12,2103,0.01,7.811035
12,2104,0.01,12.256592
12,2105,0.01,12.093658
12,2106,0.01,4.6314087
12,2107,0.01,14.851501
12,2108,0.01,10.678223
12,2109,0.01,10.125488
12,2110,0.01,13.057922
12,2111,0.01,3.590454
12,2112,0.01,14.911041
12,2113,0.01,10.406189
12,2114,0.01,10.139343
12,2115,0.01,10.204102
12,2116,0.01,10.427948
12,2117,0.01,5.1821594
12,2118,0.01,10.859955
12,2119,0.01,11.547607
12,2120,0.01,11.701996
12,2121,0.01,3.2218018
12,2122,0.01,3.2870483
12,2123,0.01,4.395172
12,2124,0.01,5.551361
12,2125,0.01,5.4285583
12,2126,0.01,3.268921
12,2127,0.01,3.2476807
12,2128,0.01,3.545105
12,2129,0.01,3.0279846
12,2130,0.01,5.6285706
12,2131,0.01,3.6073914
12,2132,0.01,4.9496155
12,2133,0.01,3.3353577
12,2134,0.01,5.935791
12,2135,0.01,3.2644958
12,2136,0.01,5.8985596
12,2137,0.01,14.903778
12,2138,0.01,9.188904
12,2139,0.01,0.01
12,2140,0.01,5.8086853
12,2141,0.01,14.2092285
12,2142,0.01,10.793915
12,2143,0.01,9.966614
12,2144,0.01,10.411346
12,2145,0.01,10.139801
12,2146,0.01,9.408173
12,2147,0.01,9.31134
12,2148,0.01,9.218811
12,2149,0.01,9.199005
12,2150,0.01,9.724335
12,2151,0.01,10.240234
12,2152,0.01,11.037781
12,2153,0.01,12.573975
12,2154,0.01,14.015076
12,2155,0.01,7.3093567
12,2156,0.01,12.0842285
12,2157,0.01,7.636017
12,2158,0.01,3.5109558
12,2159,0.01,14.099121
12,2160,0.01,8.08429
12,2161,0.01,10.642822
12,2162,0.01,13.588776
12,2163,0.01,8.619598
12,2164,0.01,9.919647
12,2165,0.01,12.455444
12,2166,0.01,12.900085
12,2167,0.01,11.958679
12,2168,0.01,14.798828
12,2169,0.01,7.386078
12,2170,0.01,14.159088
12,2171,0.01,12.731232
12,2172,0.01,3.3432007
12,2173,0.01,14.998352
12,2174,0.01,5.58667
12,2175,0.01,2.7970886
12,2176,0.01,9.550537
12,2177,0.01,7.363312
12,2178,0.01,4.76178
12,2179,0.01,4.885071
12,2180,0.01,9.505157
12,2181,0.01,7.736847
12,2182,0.01,4.854431
12,2183,0.01,11.855408
12,2184,0.01,4.914459
12,2185,0.01,4.939636
12,2186,0.01,5.2777405
12,2187,0.01,5.3387756
12,2188,0.01,4.889557
12,2189,0.01,5.411865
12,2190,0.01,5.6256714
12,2191,0.01,5.5875244
12,2192,0.01,15.0
12,2193,0.01,2.222992
12,2194,0.01,1.9509277
12,2195,0.01,3.406067
12,2196,0.01,12.25592
12,2197,0.01,2.6569214
12,2198,0.01,7.497925
12,2199,0.01,14.997314
12,2200,0.01,14.999786
12,2201,0.01,3.892456
12,2202,0.01,6.285431
12,2203,0.01,7.3099976
12,2204,0.01,3.6461182
12,2205,0.01,8.163116
12,2206,0.01,8.685944
12,2207,0.01,3.5657043
12,2208,0.01,11.005493
12,2209,0.01,3.745575
12,2210,0.01,3.7254639
12,2211,0.01,3.631897
12,2212,0.01,3.2244568
12,2213,0.01,14.705505
12,2214,0.01,9.485931
12,2215,0.01,9.025879
12,2216,0.01,8.157471
12,2217,0.01,3.1540527
12,2218,0.01,14.975555
12,2219,0.01,12.353027
12,2220,0.01,3.2531128
12,2221,0.01,12.161346
12,2222,0.01,10.242493
12,2223,0.01,9.945465
12,2224,0.01,14.999756
12,2225,0.01,0.01
12,2226,0.01,8.943481
12,2227,0.01,9.501434
12,2228,0.01,9.101929
12,2229,0.01,8.833069
12,2230,0.01,9.210175
12,2231,0.01,9.731964
12,2232,0.01,9.065186
12,2233,0.01,8.695129
12,2234,0.01,8.972229
12,2235,0.01,8.656586
12,2236,0.01,13.493042
12,2237,0.01,8.294525
12,2238,0.01,8.553986
12,2239,0.01,8.055634
12,2240,0.01,7.906189
12,2241,0.01,11.7057495
12,2242,0.01,10.447388
12,2243,0.01,8.110901
12,2244,0.01,3.8208008
12,2245,0.01,7.039459
12,2246,0.01,8.199432
12,2247,0.01,3.7884827
12,2248,0.01,8.103882
12,2249,0.01,7.242859
12,2250,0.01,7.1873474
12,2251,0.01,7.110138
12,2252,0.01,7.3482056
12,2253,0.01,7.6776733
12,2254,0.01,7.8004456
12,2255,0.01,7.9970703
12,2256,0.01,7.4867554
12,2257,0.01,14.975006
12,2258,0.01,7.720215
12,2259,0.01,2.5567322
12,2260,0.01,2.5042725
12,2261,0.01,2.5501404
12,2262,0.01,1.8338318
12,2263,0.01,6.781128
12,2264,0.01,5.583893
12,2265,0.01,5.329071
12,2266,0.01,3.6414185
12,2267,0.01,6.722351
12,2268,0.01,3.5000305
12,2269,0.01,6.503937
12,2270,0.01,5.6119385
12,2271,0.01,6.4155273
12,2272,0.01,6.765259
12,2273,0.01,6.187317
12,2274,0.01,5.9308167
12,2275,0.01,5.8283997
12,2276,0.01,3.5726013
12,2277,0.01,5.2272644
12,2278,0.01,4.2772217
12,2279,0.01,6.8438416
12,2280,0.01,7.783966
12,2281,0.01,7.899414
12,2282,0.01,7.7193604
12,2283,0.01,7.851013
12,2284,0.01,7.8864136
12,2285,0.01,8.085632
12,2286,0.01,14.550415
12,2287,0.01,8.249329
12,2288,0.01,10.547791
12,2289,0.01,14.697052
12,2290,0.01,7.5366516
12,2291,0.01,13.343201
12,2292,0.01,7.759186
12,2293,0.01,13.529877
12,2294,0.01,14.788635
12,2295,0.01,12.834686
12,2296,0.01,12.995728
12,2297,0.01,9.963867
12,2298,0.01,10.193695
12,2299,0.01,6.5653687
12,2300,0.01,13.130127
12,2301,0.01,9.077057
12,2302,0.01,9.078461
12,2303,0.01,9.0564575
12,2304,0.01,9.127808
12,2305,0.01,8.619843
12,2306,0.01,7.395355
12,2307,0.01,14.982758
12,2308,0.01,7.74411
12,2309,0.01,8.187439
12,2310,0.01,8.934387
12,2311,0.01,7.2354736
12,2312,0.01,14.986633
12,2313,0.01,9.126251
12,2314,0.01,9.41275
12,2315,0.01,10.485565
12,2316,0.01,7.184906
12,2317,0.01,8.684265
12,2318,0.01,3.6992188
12,2319,0.01,6.2941284
12,2320,0.01,14.998291
12,2321,0.01,6.909973
12,2322,0.01,3.5882874
12,2323,0.01,5.661316
12,2324,0.01,5.7887573
12,2325,0.01,5.91391
12,2326,0.01,4.299591
12,2327,0.01,5.890564
12,2328,0.01,5.758026
12,2329,0.01,4.0876465
12,2330,0.01,5.582245
12,2331,0.01,5.5188293
12,2332,0.01,6.0592957
12,2333,0.01,1.7382507
12,2334,0.01,14.996399
12,2335,0.01,14.999023
12,2336,0.01,3.2783508
12,2337,0.01,3.949463
12,2338,0.01,3.310669
12,2339,0.01,2.592102
12,2340,0.01,4.1405945
12,2341,0.01,4.3272095
12,2342,0.01,4.1604004
12,2343,0.01,3.8087769
12,2344,0.01,4.255707
12,2345,0.01,3.6759949
12,2346,0.01,3.5740662
12,2347,0.01,3.5080261
12,2348,0.01,3.5905457
12,2349,0.01,3.5569763
12,2350,0.01,3.6217957
12,2351,0.01,3.8312378
12,2352,0.01,3.6377258
12,2353,0.01,3.7644348
12,2354,0.01,3.8938904
12,2355,0.01,4.1645203
12,2356,0.01,4.1856384
12,2357,0.01,4.2628784
12,2358,0.01,4.0455017
12,2359,0.01,4.058563
12,2360,0.01,3.2193909
12,2361,0.01,3.6695251
12,2362,0.01,3.9100037
12,2363,0.01,3.479309
12,2364,0.01,3.5480042
12,2365,0.01,3.5066833
12,2366,0.01,2.7484436
12,2367,0.01,3.6571655
12,2368,0.01,3.5466614
12,2369,0.01,2.6593018
12,2370,0.01,3.669464
12,2371,0.01,2.4813232
12,2372,0.01,2.430542
12,2373,0.01,3.698059
12,2374,0.01,2.489563
12,2375,0.01,3.6839294
12,2376,0.01,4.816498
12,2377,0.01,3.4045105
12,2378,0.01,3.4931335
12,2379,0.01,2.1575928
12,2380,0.01,3.9364014
12,2381,0.01,3.4061584
12,2382,0.01,3.9092102
12,2383,0.01,4.416382
12,2384,0.01,3.7406006
12,2385,0.01,3.5242004
12,2386,0.01,4.5326233
12,2387,0.01,4.1939087
12,2388,0.01,3.279541
12,2389,0.01,2.7223206
12,2390,0.01,4.166992
12,2391,0.01,3.6134033
12,2392,0.01,4.2254333
12,2393,0.01,3.9136047
12,2394,0.01,4.270355
12,2395,0.01,3.687561
12,2396,0.01,4.1059875
12,2397,0.01,4.204834
12,2398,0.01,3.2131958
12,2399,0.01,3.2870178
12,2400,0.01,4.015808
12,2401,0.01,3.1915894
12,2402,0.01,4.144806
12,2403,0.01,3.5089111
12,2404,0.01,4.084503
12,2405,0.01,3.443634
12,2406,0.01,4.208191
12,2407,0.01,3.1237488
12,2408,0.01,3.834015
12,2409,0.01,3.0871887
12,2410,0.01,3.9266968
12,2411,0.01,3.0950928
12,2412,0.01,3.9994812
12,2413,0.01,3.0173035
12,2414,0.01,3.4213867
12,2415,0.01,4.017853
12,2416,0.01,2.7592163
12,2417,0.01,10.63739
12,2418,0.01,2.6901855
12,2419,0.01,2.2745667
12,2420,0.01,2.639038
12,2421,0.01,2.9188232
12,2422,0.01,2.388733
12,2423,0.01,2.6877747
12,2424,0.01,2.6925354
12,2425,0.01,2.3302917
12,2426,0.01,14.999603
12,2427,0.01,2.7171326
12,2428,0.01,2.7414246
12,2429,0.01,8.156189
12,2430,0.01,8.059814
12,2431,0.01,7.9430237
12,2432,0.01,8.009155
12,2433,0.01,8.0686035
12,2434,0.01,7.921814
12,2435,0.01,7.775299
12,2436,0.01,7.7917786
12,2437,0.01,8.24295
12,2438,0.01,8.356781
12,2439,0.01,8.133911
12,2440,0.01,8.087921
12,2441,0.01,7.615204
12,2442,0.01,8.437714
12,2443,0.01,8.99353
12,2444,0.01,6.8289185
12,2445,0.01,6.976959
12,2446,0.01,0.01
12,2447,0.01,2.9849854
12,2448,0.01,3.8529358
12,2449,0.01,6.660675
12,2450,0.01,2.7226257
12,2451,0.01,7.9573975
12,2452,0.01,2.1015015
12,2453,0.01,7.769684
12,2454,0.01,5.5736694
12,2455,0.01,7.7610474
12,2456,0.01,4.795227
12,2457,0.01,4.4464417
12,2458,0.01,7.761017
12,2459,0.01,2.973175
12,2460,0.01,5.61734
12,2461,0.01,5.7040405
12,2462,0.01,3.4823608
12,2463,0.01,5.909851
12,2464,0.01,7.9553223
12,2465,0.01,2.9239502
12,2466,0.01,7.7008667
12,2467,0.01,7.026947
12,2468,0.01,3.725647
12,2469,0.01,6.257965
12,2470,0.01,2.8114624
12,2471,0.01,8.6085205
12,2472,0.01,8.219727
12,2473,0.01,6.1163025
12,2474,0.01,5.4665527
12,2475,0.01,8.632904
12,2476,0.01,1.8948059
12,2477,0.01,3.0099792
12,2478,0.01,3.6975403
12,2479,0.01,8.358887
12,2480,0.01,3.6671448
12,2481,0.01,8.047546
12,2482,0.01,3.732727
12,2483,0.01,6.7478943
12,2484,0.01,3.439087
12,2485,0.01,8.267426
12,2486,0.01,4.2664795
12,2487,0.01,4.031494
12,2488,0.01,7.659424
12,2489,0.01,7.8330383
12,2490,0.01,3.8849792
12,2491,0.01,7.873474
12,2492,0.01,3.7857666
12,2493,0.01,7.6793823
12,2494,0.01,3.827362
12,2495,0.01,7.5827026
12,2496,0.01,3.831726
12,2497,0.01,14.995819
12,2498,0.01,7.59433
12,2499,0.01,3.978424
12,2500,0.01,7.9929504
12,2501,0.01,1.7271423
12,2502,0.01,8.136749
12,2503,0.01,8.125427
12,2504,0.01,1.8649597
12,2505,0.01,8.133606
12,2506,0.01,4.2065125
12,2507,0.01,8.07782
12,2508,0.01,4.0727234
12,2509,0.01,3.903839
12,2510,0.01,8.10434
12,2511,0.01,4.2174377
12,2512,0.01,3.9628906
12,2513,0.01,3.9947815
12,2514,0.01,4.073578
12,2515,0.01,3.8522644
12,2516,0.01,3.492859
12,2517,0.01,3.2072754
12,2518,0.01,3.2756042
12,2519,0.01,3.3734436
12,2520,0.01,3.1724548
12,2521,0.01,2.7271729
12,2522,0.01,4.9973145
12,2523,0.01,8.993103
12,2524,0.01,3.4398193
12,2525,0.01,3.3701172
12,2526,0.01,3.5025635
12,2527,0.01,4.348297
12,2528,0.01,3.496338
12,2529,0.01,3.4874573
12,2530,0.01,3.3848267
12,2531,0.01,3.9968567
12,2532,0.01,2.1645203
12,2533,0.01,3.1971436
12,2534,3.1226501,3.189392
12,2537,3.1524658,3.88208
12,2544,3.770813,3.9558105
12,2594,0.6748657,14.999939
12,2643,0.3270874,14.992981
13,831,14.666992,14.966919
13,1042,12.659515,14.99881
13,1322,8.672913,14.997986
13,1359,7.862976,14.999023
13,1610,5.8084106,14.999573
13,1612,5.8084106,14.986237
13,1673,9.565399,9.914764
13,1675,8.854645,14.965729
13,1707,8.61087,14.976166
13,1776,4.9860535,14.997864
13,1860,5.4149475,14.998566
13,1916,4.70105,14.988525
13,1917,4.70105,14.996643
13,1943,6.0364075,14.978699
13,2200,8.492493,14.999939
13,2320,11.220734,14.995819
13,2335,9.829895,14.999939
13,2497,8.977203,14.998627
13,2594,10.167328,14.998413
14,2192,13.1102295,14.999603
14,2334,4.6250305,14.999634
14,2335,4.6250305,14.999634
14,2643,1.3033447,14.999664
15,2192,12.18161,14.999939
15,2320,9.0442505,14.954376
15,2334,3.6964111,14.999359
15,2335,3.6964111,14.99762
15,2417,3.2907715,5.472931
15,2497,6.8487854,14.991882
15,2523,3.734314,8.984955
15,2527,3.642517,4.5832214
15,2530,3.4926453,4.2355957
15,2532,2.092743,3.8458252
15,2533,0.01,4.0391235
15,2534,0.01,2.1166992
15,2535,0.01,4.42041
15,2536,0.01,3.9754944
15,2537,0.01,3.9832458
15,2538,0.01,3.9793396
15,2539,0.01,3.6356812
15,2540,0.01,3.7502136
15,2541,0.01,3.6960144
15,2542,0.01,3.795868
15,2543,0.01,3.7825317
15,2544,0.01,3.9302979
15,2545,0.01,3.7745361
15,2546,0.01,3.7977295
15,2547,0.01,3.7861633
15,2548,0.01,3.725647
15,2549,0.01,3.5334167
15,2550,0.01,3.6832275
15,2551,0.01,14.998108
15,2552,0.01,3.7013855
15,2553,0.01,3.9827576
15,2554,0.01,1.0578918
15,2555,0.01,1.5223999
15,2556,0.01,3.6620178
15,2557,0.01,1.8165283
15,2558,0.01,3.9704285
15,2559,0.01,3.9746704
15,2560,0.01,1.9345703
15,2561,0.01,3.9023438
15,2562,0.01,3.94339
15,2563,0.01,3.978302
15,2564,0.01,3.9368896
15,2565,0.01,4.635559
15,2566,0.01,3.9754333
15,2567,0.01,3.3066406
15,2568,0.01,3.982788
15,2569,0.01,2.4077759
15,2570,0.01,3.9909363
15,2571,0.01,4.8723145
15,2572,0.01,3.947937
15,2573,0.01,4.259674
15,2574,0.01,4.8326416
15,2575,0.01,4.469696
15,2576,0.01,4.8945007
15,2577,0.01,3.8487854
15,2578,0.01,4.4512634
15,2579,0.01,4.4880066
15,2580,0.01,4.597809
15,2581,0.01,5.5476685
15,2582,0.01,3.9553833
15,2583,0.01,4.3382263
15,2584,0.01,3.9718323
15,2585,0.01,4.7309875
15,2586,0.01,5.2251587
15,2587,0.01,5.526245
15,2588,0.01,5.5981445
15,2589,0.01,5.431061
15,2590,0.01,5.2122498
15,2591,0.01,4.8768616
15,2592,0.01,4.81015
15,2593,0.01,5.8543396
15,2594,0.01,14.995575
15,2595,0.01,3.9189453
15,2596,0.01,6.8855286
15,2597,0.01,4.1040344
15,2598,0.01,5.6871643
15,2599,0.01,4.0898438
15,2600,0.01,6.088806
15,2601,0.01,4.3872375
15,2602,0.01,4.5091553
15,2603,0.01,6.252838
15,2604,0.01,4.5069885
15,2605,0.01,4.297455
15,2606,0.01,6.4707336
15,2607,0.01,6.1931458
15,2608,0.01,6.1805725
15,2609,0.01,6.3271484
15,2610,0.01,6.230591
15,2611,0.01,6.7878723
15,2612,0.01,6.275177
15,2613,0.01,6.304199
15,2614,0.01,6.3815002
15,2615,0.01,6.46463
15,2616,0.01,6.4900208
15,2617,0.01,6.416992
15,2618,0.01,6.519623
15,2619,0.01,6.1901245
15,2620,0.01,4.590393
15,2621,0.01,5.3857117
15,2622,0.01,5.1737976
15,2623,0.01,7.489563
15,2624,0.01,4.6701965
15,2625,0.01,5.2832336
15,2626,0.01,4.5967712
15,2627,0.01,5.073242
15,2628,0.01,5.2030945
15,2629,0.01,4.986603
15,2630,0.01,5.1280212
15,2631,0.01,5.1349487
15,2632,0.01,5.2943726
15,2633,0.01,5.3134155
15,2634,0.01,5.4089355
15,2635,0.01,5.4725647
15,2636,0.01,5.2528076
15,2637,0.01,5.471161
15,2638,0.01,5.044739
15,2639,0.01,5.6215515
15,2640,0.01,1.2131958
15,2641,0.01,5.242401
15,2642,0.01,0.01
15,2643,0.01,14.973846
15,2644,0.01,5.917206
15,2645,0.01,4.814728
15,2646,0.01,5.437866
15,2647,0.01,5.3624268
15,2648,0.01,5.034424
15,2649,0.01,5.6605225
15,2650,0.01,5.22229
15,2651,0.01,0.08609009
15,2652,0.01,4.877228
15,2653,0.01,6.95874
15,2654,0.01,5.3948364
15,2655,0.01,5.45282
15,2656,0.01,5.6370544
15,2657,0.01,0.01
15,2658,0.01,14.999115
16,2320,9.058411,14.994629
16,2334,6.733246,14.999817
16,2497,6.8629456,14.966705
16,2551,6.4596252,14.9973755
16,2594,8.005005,14.988678
16,2658,2.8450012,14.968964
17,2192,13.999603,15.0
17,2334,4.9981995,14.999939
17,2551,4.9468994,14.999939
17,2658,0.9981384,14.998413
18,2334,9.355408,14.999908
18,2551,9.081787,14.999634
18,2658,5.467163,14.999817
